PATNO,GENDER,DIAGNOSIS,CLINICAL_EVENT,TESTVALUE,GBA.Mutation
3000,Female,Control,BL,12.86,N
3000,Female,Control,V08,11.3,N
3000,Female,Control,V04,14.06,N
3001,Male,PD,V04,18.56,N
3001,Male,PD,V08,15.24,N
3001,Male,PD,BL,15.44,N
3001,Male,PD,V06,10.93,N
3002,Female,PD,V04,11.71,N
3002,Female,PD,V08,10.03,N
3002,Female,PD,BL,11.83,N
3003,Female,PD,V06,12.02,N
3003,Female,PD,V08,14.89,N
3003,Female,PD,BL,9.4,N
3003,Female,PD,V04,14.25,N
3004,Male,Control,V08,9.31,N
3004,Male,Control,V04,15.58,N
3004,Male,Control,V06,11.13,N
3004,Male,Control,BL,19.74,N
3006,Female,PD,BL,9.5,N
3006,Female,PD,V04,10.13,N
3008,Female,Control,V08,11.32,N
3008,Female,Control,V06,13.05,N
3008,Female,Control,V04,12.72,N
3008,Female,Control,BL,10.89,N
3009,Female,Control,BL,11.38,N
3010,Male,PD,V04,14.2,N
3010,Male,PD,V08,16.79,N
3010,Male,PD,BL,13.48,N
3010,Male,PD,V06,16.51,N
3011,Male,Control,BL,16.75,N
3012,Male,PD,V06,17.67,N
3012,Male,PD,BL,15.09,N
3012,Male,PD,V04,20.98,N
3013,Female,Control,BL,6.66,N
3013,Female,Control,V08,6.85,N
3013,Female,Control,V06,7,N
3014,Male,PD,V04,11.57,N
3014,Male,PD,BL,15.6,N
3014,Male,PD,V06,14.51,N
3016,Male,Control,BL,10.81,N
3016,Male,Control,V08,11.99,N
3016,Male,Control,V04,10.2,N
3016,Male,Control,V06,10.03,N
3018,Female,PD,BL,14.07,N
3018,Female,PD,V08,12.39,N
3020,Female,PD,V04,11.45,N
3020,Female,PD,V08,12.58,N
3020,Female,PD,V06,13.54,N
3020,Female,PD,BL,11.19,N
3021,Female,PD,BL,9.88,N
3021,Female,PD,V06,9.24,N
3023,Female,PD,V08,7.67,N
3023,Female,PD,BL,8.86,N
3024,Male,PD,BL,13.9,N
3025,Male,PD,BL,19.42,
3026,Male,PD,BL,14,N
3027,Male,PD,V04,10.42,N
3027,Male,PD,V08,17.16,N
3028,Male,PD,V06,11.36,N
3028,Male,PD,V08,11.87,N
3028,Male,PD,BL,8.47,N
3029,Male,Control,V04,19.42,N
3029,Male,Control,V06,15.8,N
3029,Male,Control,BL,15.31,N
3051,Male,PD,V04,14.23,N
3051,Male,PD,V06,12.55,N
3051,Male,PD,V08,14.99,N
3052,Female,PD,BL,7.58,N
3052,Female,PD,V04,9.71,N
3053,Male,Control,V06,11.78,N
3053,Male,Control,V04,8,N
3053,Male,Control,V08,9.41,N
3054,Male,PD,V08,14.6,N
3054,Male,PD,V06,11.41,N
3054,Male,PD,BL,10.51,N
3054,Male,PD,V04,14.15,N
3055,Female,Control,V04,11.35,E326K
3055,Female,Control,V08,10.45,E326K
3056,Male,PD,V04,12.31,E326K
3056,Male,PD,V06,12.72,E326K
3056,Male,PD,BL,7.83,E326K
3056,Male,PD,V08,9.03,E326K
3057,Female,Control,V06,9.3,N
3057,Female,Control,V04,10.91,N
3057,Female,Control,BL,10.58,N
3057,Female,Control,V08,8.74,N
3058,Male,PD,BL,11.57,N
3058,Male,PD,V06,14.8,N
3059,Male,PD,BL,5.83,N
3060,Male,PD,V04,9.14,N
3060,Male,PD,V08,12.63,N
3060,Male,PD,BL,13.52,N
3061,Female,PD,V06,11.93,N
3061,Female,PD,V04,10.23,N
3061,Female,PD,V08,10.33,N
3061,Female,PD,BL,9.94,N
3062,Female,PD,V04,6.22,N
3062,Female,PD,BL,10.64,N
3062,Female,PD,V08,10.39,N
3064,Female,Control,V06,7.38,N
3064,Female,Control,BL,7.38,N
3064,Female,Control,V08,9.01,N
3064,Female,Control,V04,8.03,N
3066,Female,PD,V04,8.01,E326K
3066,Female,PD,V08,6.6,E326K
3067,Male,PD,V04,6.95,N
3067,Male,PD,BL,7.96,N
3067,Male,PD,V06,5.38,N
3067,Male,PD,V08,10.14,N
3068,Male,PD,V04,5.45,N
3068,Male,PD,V08,6.83,N
3068,Male,PD,V06,10.26,N
3069,Female,Control,V04,8.11,N
3069,Female,Control,BL,7.96,N
3069,Female,Control,V06,14.4,N
3069,Female,Control,V08,8.26,N
3071,Male,Control,V04,8.84,N
3071,Male,Control,V06,10.06,N
3071,Male,Control,V08,11.9,N
3071,Male,Control,BL,8.86,N
3072,Female,Control,V04,9.39,N
3072,Female,Control,BL,5.16,N
3072,Female,Control,V08,10.7,N
3072,Female,Control,V06,9.52,N
3073,Male,Control,BL,9.58,N
3073,Male,Control,V08,10.59,N
3073,Male,Control,V04,12.51,N
3074,Male,Control,V06,12.16,N
3074,Male,Control,V04,12.34,N
3074,Male,Control,BL,14.2,N
3074,Male,Control,V08,10.73,N
3075,Male,Control,V04,7.71,N
3075,Male,Control,BL,7.35,N
3075,Male,Control,V06,13.2,N
3075,Male,Control,V08,9.68,N
3076,Female,PD,BL,10.12,N
3076,Female,PD,V06,10.02,N
3076,Female,PD,V08,15.13,N
3077,Male,PD,V08,10.62,N
3077,Male,PD,V04,11.56,N
3077,Male,PD,V06,13.46,N
3077,Male,PD,BL,13.34,N
3078,Male,PD,BL,14.26,N
3078,Male,PD,V08,29.08,N
3080,Male,PD,V06,8.73,N
3080,Male,PD,BL,9.3,N
3083,Female,PD,V06,11.59,N
3083,Female,PD,V08,7.77,N
3083,Female,PD,V04,9.66,N
3083,Female,PD,BL,13.08,N
3085,Male,Control,BL,10.02,N
3085,Male,Control,V08,8.87,N
3085,Male,Control,V04,9.77,N
3085,Male,Control,V06,12.17,N
3086,Female,PD,V04,12.38,N
3086,Female,PD,BL,10.45,N
3086,Female,PD,V08,10.57,N
3086,Female,PD,V06,10.65,N
3087,Male,Control,BL,9.4,N
3087,Male,Control,V04,12.12,N
3088,Female,PD,V06,11.71,N
3088,Female,PD,V04,7.46,N
3088,Female,PD,BL,11.49,N
3089,Female,PD,V08,14.24,N
3089,Female,PD,V06,12.84,N
3089,Female,PD,V04,9.43,N
3089,Female,PD,BL,8.81,N
3100,Female,Control,V06,9.6,N
3100,Female,Control,V08,15.38,N
3102,Male,PD,V08,10.96,N
3102,Male,PD,V06,11.07,N
3104,Male,Control,V04,10.48,N
3104,Male,Control,BL,13.65,N
3104,Male,Control,V06,11.15,N
3105,Male,PD,V08,10.4,N
3105,Male,PD,BL,13.17,N
3105,Male,PD,V06,12.25,N
3106,Female,Control,BL,9.95,N
3106,Female,Control,V06,11.41,N
3106,Female,Control,V08,9.02,N
3107,Male,PD,V06,10.39,N
3107,Male,PD,BL,8.53,N
3107,Male,PD,V08,11.17,N
3107,Male,PD,V04,14.48,N
3108,Female,PD,BL,16.56,N
3109,Male,Control,V06,12.89,N
3109,Male,Control,V08,16.78,N
3109,Male,Control,V04,11.15,N
3109,Male,Control,BL,15.59,N
3110,Male,PD,V08,7.04,N
3110,Male,PD,BL,9.86,N
3110,Male,PD,V06,10.96,N
3110,Male,PD,V04,10.86,N
3111,Male,PD,BL,13.12,N
3111,Male,PD,V08,13.72,N
3111,Male,PD,V04,12.18,N
3112,Female,Control,V04,10.29,N
3112,Female,Control,BL,9.2,N
3112,Female,Control,V06,12.62,N
3112,Female,Control,V08,15.09,N
3113,Female,PD,BL,8.55,N
3113,Female,PD,V06,10.08,N
3113,Female,PD,V04,10.81,N
3114,Female,Control,V08,11.04,N
3114,Female,Control,BL,8.08,N
3114,Female,Control,V04,7.65,N
3114,Female,Control,V06,9.79,N
3115,Male,Control,BL,9.08,N
3116,Male,PD,V08,12.55,N
3116,Male,PD,V04,13.6,N
3116,Male,PD,V06,12.82,N
3116,Male,PD,BL,11.76,N
3118,Male,PD,BL,14.73,N
3118,Male,PD,V08,14.54,N
3118,Male,PD,V04,16.03,N
3118,Male,PD,V06,12.23,N
3119,Male,PD,V04,11.78,N
3119,Male,PD,BL,10.69,N
3119,Male,PD,V08,9.34,N
3120,Female,PD,V08,11.21,N
3120,Female,PD,BL,16.65,N
3120,Female,PD,V04,16.35,N
3120,Female,PD,V06,18.72,N
3122,Male,PD,BL,11.54,N
3122,Male,PD,V04,12.32,N
3122,Male,PD,V08,10.35,N
3122,Male,PD,V06,11.66,N
3123,Male,PD,V06,11.51,N
3123,Male,PD,BL,8.03,N
3123,Male,PD,V08,11.75,N
3124,Male,PD,BL,13.29,N
3124,Male,PD,V08,13.47,N
3124,Male,PD,V06,10.48,N
3125,Male,PD,V08,17.21,N
3125,Male,PD,V04,11.63,N
3125,Male,PD,BL,12.57,N
3126,Male,PD,BL,10.32,N
3127,Female,PD,BL,11.74,N
3127,Female,PD,V08,11.88,N
3128,Female,PD,BL,13.69,N
3128,Female,PD,V06,12.2,N
3129,Male,PD,BL,7.04,R463C
3129,Male,PD,V04,8.15,R463C
3130,Male,PD,V06,9.65,T369M
3130,Male,PD,BL,7.87,T369M
3130,Male,PD,V04,6.99,T369M
3131,Male,PD,V08,14.23,N
3131,Male,PD,V04,13.21,N
3131,Male,PD,V06,12.25,N
3131,Male,PD,BL,14.83,N
3132,Male,PD,V08,11.55,N
3132,Male,PD,V04,10.65,N
3132,Male,PD,BL,12.41,N
3132,Male,PD,V06,9.7,N
3134,Male,PD,V08,14.44,N
3134,Male,PD,BL,16.37,N
3150,Female,PD,V08,7.19,N
3150,Female,PD,V04,10.63,N
3150,Female,PD,V06,7.54,N
3151,Male,Control,V04,11.58,N
3151,Male,Control,V08,12.38,N
3151,Male,Control,V06,10.62,N
3154,Female,PD,V06,10.58,N
3154,Female,PD,BL,10.52,N
3154,Female,PD,V04,14.13,N
3156,Male,Control,BL,14.51,N
3156,Male,Control,V08,11,N
3156,Male,Control,V04,8.95,N
3157,Female,Control,V06,11.28,N
3157,Female,Control,V08,15.51,N
3157,Female,Control,BL,15.08,N
3157,Female,Control,V04,9.82,N
3160,Male,Control,V04,10.63,N
3161,Male,Control,BL,10.16,N
3161,Male,Control,V06,8.12,N
3161,Male,Control,V04,10.14,N
3161,Male,Control,V08,9.37,N
3162,Male,PD,V06,14.77,N
3162,Male,PD,BL,16.57,N
3162,Male,PD,V04,14.56,N
3162,Male,PD,V08,17.73,N
3165,Female,Control,V04,8.42,N
3165,Female,Control,V08,7.54,N
3165,Female,Control,BL,7.23,N
3165,Female,Control,V06,7.5,N
3166,Male,PD,V04,12.66,N
3166,Male,PD,BL,7.8,N
3168,Female,PD,BL,10.84,N
3169,Male,Control,BL,20.74,N
3171,Male,Control,V04,10.86,N
3171,Male,Control,V06,6.4,N
3171,Male,Control,V08,8.38,N
3172,Male,Control,V04,13.55,N
3172,Male,Control,BL,12.54,N
3172,Male,Control,V08,13.18,N
3173,Female,PD,V08,14.49,N
3173,Female,PD,V04,13.82,N
3173,Female,PD,BL,8.87,N
3173,Female,PD,V06,12.02,N
3174,Male,PD,BL,7.95,N370S
3174,Male,PD,V06,8.07,N370S
3174,Male,PD,V08,8.07,N370S
3175,Female,PD,BL,7.45,N
3175,Female,PD,V04,8.98,N
3175,Female,PD,V08,11.09,N
3176,Male,PD,V06,10.06,N
3176,Male,PD,BL,15.21,N
3176,Male,PD,V04,12.24,N
3178,Male,PD,BL,6.72,N
3178,Male,PD,V04,10.3,N
3178,Male,PD,V08,8.79,N
3179,Male,PD,V04,8.41,N
3179,Male,PD,V06,12.23,N
3179,Male,PD,BL,12.01,N
3180,Female,PD,BL,13.1,N
3180,Female,PD,V04,14.96,N
3180,Female,PD,V08,14.21,N
3181,Female,PD,V08,7.48,N
3181,Female,PD,V04,7.71,N
3181,Female,PD,BL,9.08,N
3181,Female,PD,V06,9.1,N
3182,Female,PD,BL,13.62,E326K
3182,Female,PD,V06,10.49,E326K
3182,Female,PD,V08,9.65,E326K
3185,Female,PD,V08,5.82,N370S
3185,Female,PD,V06,5.3,N370S
3185,Female,PD,BL,5.41,N370S
3185,Female,PD,V04,4.62,N370S
3186,Female,PD,V04,6.47,N
3186,Female,PD,V06,13.94,N
3186,Female,PD,V08,9.89,N
3186,Female,PD,BL,8.31,N
3188,Male,Control,BL,11.78,N
3188,Male,Control,V06,13.66,N
3188,Male,Control,V08,8.79,N
3188,Male,Control,V04,12.33,N
3190,Male,PD,V06,4.65,N370S
3190,Male,PD,BL,6.22,N370S
3190,Male,PD,V04,4.95,N370S
3191,Female,Control,BL,8.46,T369M
3191,Female,Control,V08,7.48,T369M
3191,Female,Control,V04,9.42,T369M
3200,Male,Control,V06,13.39,N
3200,Male,Control,V08,13.72,N
3200,Male,Control,V04,10.96,N
3201,Female,Control,V06,6.77,N370S
3201,Female,Control,V04,7.87,N370S
3203,Male,PD,V08,16.32,N
3203,Male,PD,V04,10.28,N
3205,Male,PD,BL,9.19,N
3206,Female,Control,V04,17.34,N
3207,Female,PD,V06,13.83,N
3207,Female,PD,V08,14.09,N
3209,Male,PD,BL,14.95,N
3209,Male,PD,V04,11.39,N
3209,Male,PD,V06,11.14,N
3211,Male,PD,V06,9.21,N
3211,Male,PD,V04,11.47,N
3212,Male,PD,V08,14.56,N
3212,Male,PD,V06,10.26,N
3212,Male,PD,BL,9.9,N
3212,Male,PD,V04,13.62,N
3213,Male,Control,V04,10.9,N
3213,Male,Control,BL,9.96,N
3214,Male,PD,V04,13.27,N
3214,Male,PD,V08,11.75,N
3214,Male,PD,BL,11.65,N
3215,Female,Control,V04,13.09,N
3215,Female,Control,V06,9.57,N
3215,Female,Control,BL,8.82,N
3216,Female,Control,V08,9.3,N
3216,Female,Control,V04,7.44,N
3216,Female,Control,BL,8.03,N
3217,Male,Control,V08,11.6,N
3217,Male,Control,BL,11.23,N
3217,Male,Control,V04,9.63,N
3218,Male,PD,BL,13.72,T369M
3218,Male,PD,V04,7.94,T369M
3218,Male,PD,V06,6.65,T369M
3218,Male,PD,V08,10.89,T369M
3219,Male,Control,V04,11,N
3219,Male,Control,V06,14.73,N
3219,Male,Control,BL,12.52,N
3220,Female,PD,V08,16.14,N
3220,Female,PD,BL,11.74,N
3221,Male,Control,V04,10.93,N
3221,Male,Control,BL,9.92,N
3221,Male,Control,V08,11.03,N
3221,Male,Control,V06,11.03,N
3222,Male,Control,V08,14.55,L444P
3222,Male,Control,V04,12.14,L444P
3222,Male,Control,BL,12.37,L444P
3223,Male,PD,BL,15.89,N
3223,Male,PD,V08,20.04,N
3223,Male,PD,V04,15.87,N
3224,Male,PD,V08,7.9,N
3224,Male,PD,V04,9.06,N
3224,Male,PD,V06,10.05,N
3225,Male,PD,V08,8.96,N
3225,Male,PD,BL,9.3,N
3225,Male,PD,V04,8.77,N
3225,Male,PD,V06,9.84,N
3226,Female,PD,BL,11.76,N370S
3226,Female,PD,V08,11.01,N370S
3226,Female,PD,V06,9.29,N370S
3227,Female,PD,V04,12.95,N
3227,Female,PD,V08,11.04,N
3228,Male,PD,V04,11.25,N
3228,Male,PD,V08,9.83,N
3228,Male,PD,V06,14.29,N
3228,Male,PD,BL,11.83,N
3229,Male,PD,V04,12.74,N
3229,Male,PD,BL,12.35,N
3229,Male,PD,V06,15.12,N
3230,Male,PD,V04,12.89,N
3230,Male,PD,V08,13.2,N
3230,Male,PD,BL,10.13,N
3231,Female,PD,BL,10.45,E326K
3231,Female,PD,V06,14.91,E326K
3231,Female,PD,V04,10.92,E326K
3231,Female,PD,V08,11.15,E326K
3234,Male,PD,V08,9.39,N
3234,Male,PD,BL,10.69,N
3234,Male,PD,V06,10.27,N
3235,Male,Control,BL,8.5,
3237,Female,Control,BL,10.98,N
3237,Female,Control,V08,10.27,N
3237,Female,Control,V06,9.57,N
3251,Female,PD,V04,6.88,E326K
3251,Female,PD,V08,7.47,E326K
3251,Female,PD,V06,10.24,E326K
3252,Female,PD,V06,9.79,N
3252,Female,PD,V04,11.06,N
3253,Female,PD,V04,9.74,N
3253,Female,PD,BL,10.91,N
3254,Male,PD,BL,11.53,N
3254,Male,PD,V08,11.39,N
3257,Female,Control,BL,32.01,N
3257,Female,Control,V04,13.34,N
3260,Female,Control,BL,12.72,N
3264,Female,Control,BL,7.32,N
3267,Male,PD,BL,13.63,N
3267,Male,PD,V04,12.69,N
3268,Male,PD,BL,18.9,N
3268,Male,PD,V08,19.27,N
3268,Male,PD,V04,16.54,N
3269,Female,PD,V08,11.1,N
3269,Female,PD,BL,12.81,N
3269,Female,PD,V04,9.26,N
3270,Male,Control,V04,18.32,N
3270,Male,Control,V06,17.99,N
3270,Male,Control,V08,27.5,N
3270,Male,Control,BL,19.71,N
3271,Male,Control,BL,14.25,N
3271,Male,Control,V04,12.43,N
3272,Male,PD,V06,11.77,N
3272,Male,PD,V04,14.62,N
3272,Male,PD,BL,11.69,N
3274,Male,Control,V04,11.42,N
3274,Male,Control,BL,12.85,N
3274,Male,Control,V08,12.36,N
3275,Male,PD,V04,10.83,N
3275,Male,PD,V06,12.05,N
3275,Male,PD,BL,9.19,N
3276,Female,Control,BL,12.18,E326K
3277,Male,Control,V04,9.71,N
3277,Male,Control,V06,12.97,N
3277,Male,Control,V08,13.13,N
3277,Male,Control,BL,12.05,N
3278,Male,PD,BL,10.28,N
3279,Male,PD,V06,9.9,N370S
3279,Male,PD,V08,8.32,N370S
3279,Male,PD,BL,5.62,N370S
3280,Male,PD,V08,24.1,N
3280,Male,PD,BL,15.06,N
3281,Male,PD,V08,14.87,N
3281,Male,PD,V06,13.74,N
3281,Male,PD,BL,19.4,N
3282,Female,PD,BL,14.63,E326K
3282,Female,PD,V06,12.16,E326K
3282,Female,PD,V04,12.15,E326K
3282,Female,PD,V08,10.2,E326K
3284,Female,PD,BL,11.48,N
3285,Male,PD,V08,15.63,
3285,Male,PD,BL,18.9,
3288,Female,PD,BL,14.57,N
3290,Male,PD,BL,8.4,N
3300,Male,Control,V08,11.01,N
3300,Male,Control,V06,8.4,N
3301,Male,Control,V06,8.98,N
3301,Male,Control,V04,8.56,N
3305,Male,PD,V08,9.16,R83C
3305,Male,PD,V04,12.43,R83C
3307,Male,PD,V08,8.36,L444P
3307,Male,PD,V04,8.34,L444P
3307,Male,PD,V06,6.73,L444P
3307,Male,PD,BL,7.55,L444P
3308,Male,PD,V04,8.54,N
3308,Male,PD,V06,9.72,N
3308,Male,PD,BL,6.86,N
3309,Female,PD,V08,6.22,R78C
3309,Female,PD,V06,6.91,R78C
3309,Female,PD,V04,8.08,R78C
3309,Female,PD,BL,6.01,R78C
3310,Male,Control,BL,6.98,T369M
3310,Male,Control,V08,9.66,T369M
3310,Male,Control,V04,7.82,T369M
3311,Male,PD,V08,15.33,N
3311,Male,PD,BL,7.95,N
3312,Male,PD,V08,7.68,N
3312,Male,PD,V06,10.7,N
3312,Male,PD,BL,7.29,N
3312,Male,PD,V04,7.61,N
3313,Male,PD,BL,7.63,N370S
3314,Female,PD,BL,9.69,N
3314,Female,PD,V04,13.48,N
3316,Male,Control,V06,7.12,N
3316,Male,Control,V08,7.45,N
3316,Male,Control,BL,6.99,N
3318,Male,Control,V08,12.71,N
3318,Male,Control,BL,9.26,N
3318,Male,Control,V04,11.32,N
3320,Male,Control,V08,15.64,N
3320,Male,Control,V04,15.72,N
3320,Male,Control,BL,17.22,N
3320,Male,Control,V06,11.45,N
3321,Female,PD,BL,7.1,K(-27)R
3321,Female,PD,V08,9.19,K(-27)R
3322,Female,PD,BL,9.86,N
3323,Male,PD,V08,18.9,N
3323,Male,PD,V04,20.07,N
3323,Male,PD,BL,16.55,N
3323,Male,PD,V06,14.47,N
3325,Female,PD,V06,9.63,N
3325,Female,PD,BL,7.3,N
3325,Female,PD,V08,6.75,N
3327,Female,PD,V06,9.73,N
3327,Female,PD,BL,12.08,N
3327,Female,PD,V08,13.02,N
3328,Male,PD,V04,11.8,N
3328,Male,PD,V08,16.84,N
3328,Male,PD,BL,9.7,N
3330,Male,PD,BL,18.45,N
3332,Male,PD,V04,9.18,N
3332,Male,PD,BL,7.05,N
3333,Male,PD,BL,22.13,N
3350,Male,Control,V08,12.01,N
3350,Male,Control,V04,12.99,N
3350,Male,Control,V06,9.14,N
3350,Male,Control,BL,13.89,N
3351,Male,Control,V04,13.58,N
3351,Male,Control,V06,9,N
3351,Male,Control,BL,18.59,N
3352,Male,PD,V04,4.61,N
3352,Male,PD,V06,4,N
3352,Male,PD,V08,5.43,N
3352,Male,PD,BL,4.51,N
3353,Female,Control,BL,12.39,N
3353,Female,Control,V04,12.1,N
3353,Female,Control,V06,13.76,N
3354,Male,PD,V06,18.1,N
3354,Male,PD,BL,10.95,N
3354,Male,PD,V08,10,N
3354,Male,PD,V04,15.2,N
3355,Male,Control,V08,8.24,N
3355,Male,Control,V06,9.84,N
3355,Male,Control,BL,10.22,N
3357,Male,Control,V04,12.72,K(-27)R
3357,Male,Control,V06,11.34,K(-27)R
3357,Male,Control,V08,14.46,K(-27)R
3357,Male,Control,BL,14.13,K(-27)R
3358,Male,Control,BL,11.71,N
3358,Male,Control,V04,10.08,N
3358,Male,Control,V06,14.53,N
3359,Male,PD,V04,15.75,N
3359,Male,PD,V06,14.27,N
3359,Male,PD,V08,14.58,N
3360,Male,PD,BL,11.43,N
3360,Male,PD,V04,8.95,N
3360,Male,PD,V08,11.45,N
3360,Male,PD,V06,16.15,N
3361,Female,Control,V08,18.32,N
3361,Female,Control,BL,12.57,N
3361,Female,Control,V06,11.75,N
3362,Female,Control,V04,13.03,E326K
3362,Female,Control,BL,14.81,E326K
3362,Female,Control,V08,14.69,E326K
3363,Male,Control,V04,10.79,N370S
3363,Male,Control,BL,8.31,N370S
3364,Female,PD,BL,3.38,R120W
3364,Female,PD,V06,4.65,R120W
3366,Male,PD,BL,16.39,N
3366,Male,PD,V08,18.98,N
3366,Male,PD,V04,16.62,N
3367,Male,PD,V08,12.59,N
3367,Male,PD,V04,10.52,N
3367,Male,PD,BL,14.35,N
3367,Male,PD,V06,14.82,N
3368,Female,Control,V08,16.31,N
3368,Female,Control,V04,13.88,N
3368,Female,Control,BL,18.63,N
3368,Female,Control,V06,19.44,N
3369,Male,Control,V08,11.16,N
3369,Male,Control,V04,7.69,N
3370,Male,Control,BL,7.61,N
3371,Male,PD,V08,9.62,E326K
3371,Male,PD,BL,15.72,E326K
3371,Male,PD,V04,10.41,E326K
3372,Male,PD,BL,10.86,N
3372,Male,PD,V04,13.05,N
3372,Male,PD,V06,17.53,N
3372,Male,PD,V08,13.79,N
3373,Male,PD,V04,18.78,N
3373,Male,PD,BL,15.81,N
3373,Male,PD,V08,17.49,N
3373,Male,PD,V06,19.56,N
3374,Male,PD,V08,11.29,N
3374,Male,PD,V04,9.97,N
3374,Male,PD,BL,6.85,N
3375,Male,PD,V08,17.61,N
3375,Male,PD,BL,17.2,N
3375,Male,PD,V06,17.96,N
3376,Female,PD,BL,14.42,N
3377,Female,PD,V06,11.14,N
3377,Female,PD,BL,10.4,N
3377,Female,PD,V04,11.84,N
3377,Female,PD,V08,10.32,N
3378,Male,PD,V08,10.27,N
3378,Male,PD,V04,13.66,N
3378,Male,PD,BL,8.53,N
3380,Female,PD,V06,8.78,E326K
3380,Female,PD,V08,6.93,E326K
3380,Female,PD,V04,6.83,E326K
3380,Female,PD,BL,6.21,E326K
3383,Male,PD,V04,13.72,N
3383,Male,PD,V06,12.97,N
3383,Male,PD,V08,12.19,N
3385,Male,PD,V08,9.5,N
3385,Male,PD,BL,11.14,N
3385,Male,PD,V06,9.16,N
3385,Male,PD,V04,8.97,N
3386,Female,PD,V04,9.86,N
3386,Female,PD,V06,10.47,N
3386,Female,PD,BL,8.57,N
3386,Female,PD,V08,10.63,N
3387,Female,PD,BL,9.41,N
3387,Female,PD,V06,8.39,N
3387,Female,PD,V04,11.48,N
3387,Female,PD,V08,10.54,N
3389,Male,Control,V04,8.1,N
3389,Male,Control,V06,11.19,N
3389,Male,Control,BL,10.21,N
3390,Male,Control,BL,11.31,N
3392,Female,PD,BL,18.8,N
3392,Female,PD,V06,13.58,N
3392,Female,PD,V08,17.14,N
3392,Female,PD,V04,15.63,N
3400,Female,PD,V04,10.87,T369M
3400,Female,PD,V06,9.57,T369M
3403,Male,PD,V08,15.97,N
3403,Male,PD,V04,13.84,N
3403,Male,PD,V06,10.22,N
3404,Female,Control,V08,12.63,N
3404,Female,Control,V06,14.58,N
3406,Male,PD,V04,11.36,N
3406,Male,PD,V06,14.9,N
3407,Male,PD,V08,13.02,N
3407,Male,PD,V04,18.48,N
3407,Male,PD,V06,17.01,N
3409,Male,PD,V06,12.27,N
3409,Male,PD,V08,11.35,N
3409,Male,PD,V04,15.42,N
3410,Male,Control,V08,13.02,N
3410,Male,Control,V04,14.84,N
3410,Male,Control,V06,12.25,N
3411,Male,Control,V06,12.51,N
3411,Male,Control,V04,10.28,N
3411,Male,Control,V08,11.3,N
3414,Female,Control,V08,12.7,N
3415,Male,PD,BL,11.78,N
3415,Male,PD,V04,12.29,N
3415,Male,PD,V08,13.07,N
3417,Male,PD,V04,11.68,N
3418,Male,PD,BL,8.68,E326K
3418,Male,PD,V08,11.38,E326K
3418,Male,PD,V04,9.93,E326K
3419,Female,PD,V08,14.55,N
3419,Female,PD,V06,12.49,N
3419,Female,PD,BL,12.55,N
3419,Female,PD,V04,12.59,N
3420,Male,PD,V04,6,L444P
3420,Male,PD,BL,4.37,L444P
3420,Male,PD,V06,6.57,L444P
3420,Male,PD,V08,6.23,L444P
3421,Male,PD,V04,7.49,N
3421,Male,PD,BL,9.46,N
3422,Male,PD,V04,14.46,N
3422,Male,PD,V08,9.6,N
3422,Male,PD,BL,9.83,N
3423,Male,PD,V08,9.91,N
3423,Male,PD,V06,12.23,N
3423,Male,PD,V04,10.82,N
3424,Female,Control,BL,8.51,N
3424,Female,Control,V06,13.42,N
3424,Female,Control,V04,9.74,N
3424,Female,Control,V08,8.43,N
3428,Female,Control,V06,8.09,N
3428,Female,Control,V04,7.38,N
3428,Female,Control,BL,7.84,N
3429,Male,PD,V04,9.98,A456P
3429,Male,PD,BL,9.76,A456P
3429,Male,PD,V08,11.89,A456P
3429,Male,PD,V06,11.15,A456P
3430,Male,PD,V08,13.43,N
3430,Male,PD,V04,13.14,N
3430,Male,PD,V06,11.06,N
3430,Male,PD,BL,12.41,N
3431,Female,PD,V06,9.62,N
3431,Female,PD,V08,9.5,N
3431,Female,PD,BL,9.23,N
3431,Female,PD,V04,11.55,N
3432,Male,PD,V06,16.96,N
3432,Male,PD,V08,13.96,N
3433,Female,PD,BL,9.64,N
3433,Female,PD,V08,10.32,N
3433,Female,PD,V06,10.98,N
3434,Male,PD,V04,7.76,T369M
3434,Male,PD,V08,6.47,T369M
3434,Male,PD,BL,9.74,T369M
3434,Male,PD,V06,7.24,T369M
3435,Male,PD,BL,11.17,N
3435,Male,PD,V06,11.08,N
3435,Male,PD,V04,11.68,N
3435,Male,PD,V08,11.45,N
3436,Male,PD,BL,7.54,N
3436,Male,PD,V04,9.87,N
3436,Male,PD,V08,11.2,N
3439,Male,PD,BL,12.54,N
3439,Male,PD,V08,14.46,N
3439,Male,PD,V04,12.4,N
3439,Male,PD,V06,12.81,N
3440,Male,PD,BL,15.52,N
3442,Male,PD,V04,10.01,E326K
3442,Male,PD,BL,9.85,E326K
3442,Male,PD,V06,9.19,E326K
3442,Male,PD,V08,8.49,E326K
3443,Male,PD,V06,12.7,N
3443,Male,PD,V04,16.02,N
3443,Male,PD,V08,13.58,N
3443,Male,PD,BL,13.42,N
3444,Male,PD,BL,9.91,N
3444,Male,PD,V04,10.64,N
3444,Male,PD,V06,11.79,N
3444,Male,PD,V08,12.18,N
3445,Male,PD,V06,13.11,N
3445,Male,PD,V08,14.91,N
3445,Male,PD,V04,15.02,N
3445,Male,PD,BL,12.39,N
3446,Male,PD,V06,11.1,N
3446,Male,PD,V04,9.07,N
3446,Male,PD,V08,12.94,N
3446,Male,PD,BL,10.48,N
3447,Male,PD,BL,8.3,
3448,Male,PD,V06,14.71,N
3448,Male,PD,V04,11.62,N
3448,Male,PD,BL,11.64,N
3448,Male,PD,V08,14.22,N
3450,Male,Control,V06,15.66,N
3450,Male,Control,V04,18.44,N
3451,Male,PD,V06,12.49,N
3451,Male,PD,V08,13.68,N
3451,Male,PD,V04,14.17,N
3452,Female,Control,V06,8.91,N
3452,Female,Control,V08,10.14,N
3452,Female,Control,V04,7.83,N
3453,Female,Control,V08,13.14,N
3453,Female,Control,V04,13.98,N
3454,Female,PD,V08,12.15,N
3454,Female,PD,V04,9.54,N
3454,Female,PD,V06,8.55,N
3455,Male,PD,V06,12.2,N
3455,Male,PD,V04,8.22,N
3455,Male,PD,BL,7.42,N
3455,Male,PD,V08,13.66,N
3457,Female,Control,V08,12.06,N
3457,Female,Control,BL,9.53,N
3457,Female,Control,V04,10.61,N
3457,Female,Control,V06,12.31,N
3458,Female,Control,V08,11.04,N
3459,Male,PD,BL,11.47,N
3459,Male,PD,V08,16.29,N
3459,Male,PD,V04,12.35,N
3459,Male,PD,V06,12.89,N
3460,Male,Control,BL,17.96,N
3460,Male,Control,V06,15.1,N
3460,Male,Control,V08,11.95,N
3461,Male,PD,V08,8,N
3461,Male,PD,BL,8.37,N
3461,Male,PD,V06,10.14,N
3461,Male,PD,V04,8.02,N
3462,Female,PD,V06,14.74,N
3462,Female,PD,V08,13.51,N
3462,Female,PD,BL,13.9,N
3462,Female,PD,V04,13.68,N
3464,Male,Control,V06,11.09,N
3464,Male,Control,BL,9.68,N
3464,Male,Control,V08,9.19,N
3464,Male,Control,V04,11.62,N
3466,Male,Control,V08,10.88,N
3466,Male,Control,V04,13.62,N
3466,Male,Control,BL,10.5,N
3466,Male,Control,V06,12.07,N
3467,Male,PD,V04,11.02,N
3467,Male,PD,V06,18.02,N
3467,Male,PD,V08,12.62,N
3467,Male,PD,BL,18.96,N
3468,Male,Control,V08,11.98,N
3468,Male,Control,V04,12.98,N
3468,Male,Control,BL,8.85,N
3469,Male,PD,V04,13.91,N
3469,Male,PD,V08,11.19,N
3470,Male,PD,V04,11.66,E326K
3470,Male,PD,V06,10.12,E326K
3470,Male,PD,BL,7.83,E326K
3470,Male,PD,V08,8,E326K
3471,Male,PD,BL,12.71,N
3471,Male,PD,V08,17.66,N
3471,Male,PD,V04,9.99,N
3471,Male,PD,V06,9.19,N
3472,Male,PD,V04,23.91,N
3472,Male,PD,V08,16.2,N
3472,Male,PD,V06,13.38,N
3472,Male,PD,BL,11.54,N
3473,Female,PD,BL,12.84,N
3473,Female,PD,V06,11.29,N
3473,Female,PD,V08,14.79,N
3473,Female,PD,V04,10.51,N
3476,Male,PD,V04,13.88,N
3476,Male,PD,V08,30.16,N
3476,Male,PD,BL,14.82,N
3476,Male,PD,V06,13.36,N
3478,Male,Control,BL,15.05,N
3478,Male,Control,V06,13.98,N
3478,Male,Control,V04,16.93,N
3479,Male,Control,V06,15.38,N
3479,Male,Control,V08,10.41,N
3479,Male,Control,V04,12.36,N
3479,Male,Control,BL,11.75,N
3480,Female,Control,V08,10.98,N
3480,Female,Control,BL,13.73,N
3480,Female,Control,V04,13.71,N
3480,Female,Control,V06,11.04,N
3481,Male,Control,V04,12.6,N
3481,Male,Control,BL,9.08,N
3481,Male,Control,V08,13.97,N
3481,Male,Control,V06,14.23,N
3482,Male,PD,V08,17.79,N
3482,Male,PD,BL,17.28,N
3482,Male,PD,V06,16.19,N
3500,Female,PD,V08,12.28,N
3500,Female,PD,V06,12.05,N
3500,Female,PD,V04,14.09,N
3505,Male,PD,V04,6.41,N
3505,Male,PD,V06,15.59,N
3505,Male,PD,V08,2.94,N
3506,Female,PD,V04,12.74,N
3506,Female,PD,BL,10.88,N
3507,Male,PD,BL,14.15,N
3510,Male,PD,BL,16.83,N
3514,Male,PD,BL,9.82,N
3515,Female,Control,V08,9.6,N
3515,Female,Control,V04,9.32,N
3515,Female,Control,V06,10.28,N
3515,Female,Control,BL,10.8,N
3516,Male,PD,V06,11.19,N
3516,Male,PD,V08,10.87,N
3516,Male,PD,BL,10.06,N
3517,Male,Control,V04,10.52,N
3517,Male,Control,BL,12.13,N
3517,Male,Control,V06,10.17,N
3518,Male,Control,BL,11.39,N
3519,Male,Control,V04,17.05,N
3519,Male,Control,BL,17.34,N
3522,Male,PD,BL,14.46,N
3522,Male,PD,V08,18.52,N
3522,Male,PD,V04,12.93,N
3523,Male,Control,V04,8.31,N
3523,Male,Control,BL,10.18,N
3523,Male,Control,V08,11.02,N
3523,Male,Control,V06,11.01,N
3526,Male,Control,V04,13.11,K(-27)R
3527,Male,Control,V08,13.61,K(-27)R
3527,Male,Control,BL,11.56,K(-27)R
3527,Male,Control,V04,13.44,K(-27)R
3527,Male,Control,V06,21.05,K(-27)R
3528,Female,PD,BL,9.39,N
3528,Female,PD,V08,8.02,N
3528,Female,PD,V06,9.82,N
3530,Male,PD,V08,9.92,E326K
3530,Male,PD,BL,8.22,E326K
3530,Male,PD,V06,8.98,E326K
3530,Male,PD,V04,8.37,E326K
3532,Male,PD,V04,10.18,N
3532,Male,PD,BL,8.77,N
3532,Male,PD,V08,7.25,N
3532,Male,PD,V06,7.62,N
3536,Male,PD,BL,14.5,N
3540,Male,PD,V04,11.82,N
3541,Male,Control,V04,9.92,N
3541,Male,Control,BL,13.26,N
3543,Male,Control,BL,17.08,N
3544,Male,Control,BL,13.87,N
3551,Male,Control,V04,13.45,N
3551,Male,Control,V06,12.3,N
3552,Male,PD,V04,15.36,N
3554,Male,Control,V04,9.59,N
3554,Male,Control,V06,12.06,N
3554,Male,Control,V08,9.44,N
3555,Male,Control,BL,6.11,N
3556,Male,PD,V06,10.82,N
3556,Male,PD,V04,13.24,N
3557,Male,PD,V08,8.65,T369M
3557,Male,PD,V06,9.28,T369M
3557,Male,PD,V04,11.04,T369M
3558,Male,PD,V04,15.85,N
3559,Male,PD,V08,11.73,N
3559,Male,PD,V04,13.12,N
3563,Male,Control,BL,11.22,N
3563,Male,Control,V08,8.85,N
3563,Male,Control,V06,10.87,N
3564,Male,PD,BL,11.64,N
3564,Male,PD,V08,12.31,N
3565,Male,Control,V04,17.86,N
3565,Male,Control,BL,13.5,N
3565,Male,Control,V08,12.25,N
3567,Female,PD,V04,12.35,N
3567,Female,PD,BL,13.51,N
3567,Female,PD,V08,12,N
3567,Female,PD,V06,13.1,N
3569,Female,Control,BL,10.01,N
3569,Female,Control,V04,11.03,N
3570,Male,Control,V08,14.56,N
3570,Male,Control,V04,16.47,N
3570,Male,Control,BL,13.44,N
3571,Male,Control,V06,11.61,N
3571,Male,Control,BL,11.67,N
3571,Male,Control,V08,10.09,N
3572,Female,Control,V08,10.5,N
3572,Female,Control,V04,9.05,N
3572,Female,Control,V06,8.44,N
3574,Female,PD,V06,8.85,N
3574,Female,PD,BL,9.23,N
3574,Female,PD,V08,10.44,N
3575,Male,PD,V04,5.96,T369M
3575,Male,PD,V06,8.97,T369M
3575,Male,PD,V08,6.49,T369M
3575,Male,PD,BL,5.08,T369M
3577,Male,PD,BL,10.18,N
3577,Male,PD,V04,11.35,N
3585,Male,PD,V04,7.33,E326K
3585,Male,PD,V08,9.7,E326K
3585,Male,PD,V06,8.01,E326K
3585,Male,PD,BL,10.07,E326K
3586,Male,PD,BL,13.82,N
3586,Male,PD,V08,13.57,N
3586,Male,PD,V06,13.04,N
3587,Male,PD,BL,11.92,N
3587,Male,PD,V04,13.36,N
3587,Male,PD,V08,15,N
3588,Female,PD,V06,17.64,N
3588,Female,PD,BL,12.4,N
3589,Female,PD,BL,10.96,E326K
3589,Female,PD,V06,12.45,E326K
3591,Male,PD,V08,11.68,N
3591,Male,PD,V06,17.38,N
3592,Male,PD,V06,20.61,N
3592,Male,PD,V04,13.23,N
3593,Female,PD,V04,9.53,N
3593,Female,PD,V06,8.92,N
3593,Female,PD,BL,11.23,N
3600,Male,Control,V06,13.52,N
3600,Male,Control,V08,10.91,N
3600,Male,Control,V04,12.76,N
3603,Male,PD,BL,9.09,N
3603,Male,PD,V04,7.22,N
3603,Male,PD,V08,7.78,N
3603,Male,PD,V06,7.07,N
3604,Female,PD,V06,10.53,N
3604,Female,PD,V04,8.71,N
3605,Male,PD,V06,12.09,N
3606,Female,PD,V06,9.05,84GG
3606,Female,PD,V04,5.21,84GG
3607,Female,PD,V08,10.54,N
3607,Female,PD,V04,11.48,N
3607,Female,PD,V06,9.6,N
3608,Male,PD,V06,11.6,N
3608,Male,PD,V04,9.69,N
3609,Male,PD,V04,19.97,N
3609,Male,PD,V08,13.54,N
3609,Male,PD,V06,10.63,N
3612,Male,PD,V06,10.9,N
3612,Male,PD,V04,9.45,N
3612,Male,PD,V08,7.73,N
3613,Female,Control,V06,16.41,L444P
3613,Female,Control,V04,8.89,L444P
3613,Female,Control,V08,9.44,L444P
3614,Male,Control,V06,12.72,N
3614,Male,Control,V08,12.54,N
3614,Male,Control,V04,12.44,N
3615,Male,Control,V06,9.28,N
3615,Male,Control,V04,14.66,N
3616,Male,PD,V04,11.05,N
3616,Male,PD,BL,15.51,N
3616,Male,PD,V06,10.62,N
3617,Male,PD,BL,14.9,N
3617,Male,PD,V06,15.76,N
3617,Male,PD,V04,8.13,N
3619,Female,Control,V08,6.45,N
3619,Female,Control,V04,8.91,N
3619,Female,Control,V06,11.76,N
3619,Female,Control,BL,8.19,N
3620,Male,Control,V04,10.9,N
3620,Male,Control,BL,8.97,N
3620,Male,Control,V06,6.73,N
3621,Female,PD,V08,12.3,N
3621,Female,PD,V04,14.77,N
3621,Female,PD,BL,9.72,N
3622,Male,PD,V08,8.65,N
3622,Male,PD,V06,16.24,N
3622,Male,PD,BL,12.68,N
3622,Male,PD,V04,12.03,N
3624,Male,Control,V06,6.94,N
3624,Male,Control,BL,8.53,N
3624,Male,Control,V08,10.12,N
3624,Male,Control,V04,9.51,N
3625,Female,PD,V08,7.3,N
3625,Female,PD,BL,10.77,N
3625,Female,PD,V04,7.65,N
3625,Female,PD,V06,9.3,N
3627,Male,Control,BL,8.81,N
3627,Male,Control,V04,9.55,N
3628,Male,PD,BL,14.95,N
3629,Male,PD,BL,8.65,N
3629,Male,PD,V04,12.94,N
3630,Female,PD,V06,7.84,N
3630,Female,PD,BL,13.22,N
3631,Female,PD,BL,8.86,N
3632,Male,PD,BL,7.79,E326K
3632,Male,PD,V08,7.64,E326K
3633,Female,PD,BL,10.92,N
3634,Male,PD,V06,4.35,IVS2+1G-A
3634,Male,PD,BL,5.04,IVS2+1G-A
3634,Male,PD,V08,5.43,IVS2+1G-A
3635,Male,Control,BL,13.31,N
3635,Male,Control,V08,12.89,N
3636,Male,Control,V08,16.26,N
3636,Male,Control,BL,11.09,N
3637,Male,Control,V06,23.91,N
3637,Male,Control,V04,18.29,N
3637,Male,Control,BL,20.09,N
3637,Male,Control,V08,22.57,N
3638,Male,PD,BL,11.15,N
3638,Male,PD,V08,8.08,N
3650,Female,PD,V04,6.91,N
3650,Female,PD,V06,10.98,N
3651,Male,Control,V06,15.34,N
3651,Male,Control,V04,16.77,N
3651,Male,Control,V08,15.79,N
3653,Female,PD,V08,12.27,N
3653,Female,PD,V06,12.86,N
3654,Female,PD,V04,9.32,N
3654,Female,PD,V08,12.85,N
3654,Female,PD,V06,11.59,N
3656,Male,Control,BL,7.16,N
3656,Male,Control,V06,13.01,N
3657,Male,PD,V04,16.96,N
3658,Male,Control,V06,18.48,N
3658,Male,Control,V04,20.63,N
3658,Male,Control,BL,15.6,N
3658,Male,Control,V08,21.8,N
3659,Male,PD,V06,14.1,N
3659,Male,PD,BL,13.86,N
3660,Female,PD,V04,15.68,N
3660,Female,PD,V06,13.08,N
3660,Female,PD,V08,7.21,N
3660,Female,PD,BL,19.03,N
3661,Female,PD,V06,10.88,N
3661,Female,PD,V04,9.3,N
3661,Female,PD,BL,5.85,N
3662,Male,Control,BL,7.4,E326K
3664,Female,PD,V06,15.62,N
3664,Female,PD,V04,10.89,N
3665,Male,PD,V08,16.58,N
3665,Male,PD,V06,12,N
3665,Male,PD,V04,16.09,N
3665,Male,PD,BL,11.55,N
3666,Male,PD,V08,20.02,N
3666,Male,PD,BL,15.07,N
3666,Male,PD,V04,23.55,N
3666,Male,PD,V06,23.15,N
3668,Male,Control,V08,14.21,N
3668,Male,Control,V04,9.98,N
3668,Male,Control,BL,10.52,N
3668,Male,Control,V06,14.42,N
3700,Female,PD,BL,5.59,L444P
3701,Male,PD,V06,14.24,N
3701,Male,PD,BL,11.17,N
3702,Male,PD,BL,10.56,N
3704,Male,PD,BL,13.45,N
3705,Male,PD,BL,10.24,N
3707,Male,PD,BL,11.61,N
3708,Male,PD,V04,15.7,N
3710,Male,PD,V04,13.67,N
3750,Male,Control,BL,14.37,N
3752,Male,PD,V08,10.54,N
3752,Male,PD,BL,16.45,N
3752,Male,PD,V06,14.81,N
3753,Female,PD,BL,13.9,N
3754,Male,Control,BL,11.87,N
3756,Male,Control,V08,11.53,N
3757,Male,PD,V08,8.02,N
3757,Male,PD,BL,8.76,N
3758,Male,PD,V06,10.68,N
3758,Male,PD,V04,11.17,N
3759,Female,Control,V08,12.36,N
3759,Female,Control,V06,9.53,N
3760,Male,PD,V08,8.19,N
3760,Male,PD,V06,11.89,N
3762,Female,PD,V06,11.38,N
3763,Male,PD,V06,10.73,N
3763,Male,PD,V08,10.97,N
3765,Female,Control,V06,13.98,N
3766,Female,PD,V06,16.94,R78C
3766,Female,PD,V08,7.72,R78C
3767,Female,Control,V06,7.91,N
3768,Male,Control,V06,13.75,E326K
3769,Male,Control,V04,14.24,N
3769,Male,Control,V08,12.93,N
3769,Male,Control,V06,12.64,N
3770,Female,PD,V04,12.24,N
3770,Female,PD,V06,15.55,N
3771,Female,PD,V06,14.49,N
3773,Male,PD,V06,6.3,N
3773,Male,PD,V08,8.39,N
3773,Male,PD,V04,10.48,N
3775,Male,PD,V04,10.44,N
3775,Male,PD,V06,11.63,N
3776,Male,PD,V08,14,N
3776,Male,PD,V06,7.8,N
3777,Male,PD,V08,15.18,N
3777,Male,PD,V04,9.66,N
3777,Male,PD,V06,8.92,N
3780,Female,PD,V04,11.09,N
3780,Female,PD,V08,7.76,N
3780,Female,PD,V06,9.6,N
3781,Male,PD,V06,10.58,N
3781,Male,PD,V04,14.49,N
3785,Female,PD,V08,19.56,N
3787,Male,PD,V04,9.4,N
3788,Male,PD,V04,9.3,E326K
3789,Female,PD,V04,14.67,N
3789,Female,PD,V06,9.91,N
3791,Female,PD,V06,20.14,N
3791,Female,PD,V04,21.71,N
3792,Female,PD,V06,8.12,E326K
3792,Female,PD,BL,6.73,E326K
3792,Female,PD,V08,6.53,E326K
3793,Male,PD,V04,9.37,N
3793,Male,PD,BL,9.66,N
3793,Male,PD,V06,10.5,N
3794,Female,Control,V06,8.7,N
3794,Female,Control,V04,14.3,N
3795,Female,PD,V06,10.39,N
3795,Female,PD,V04,9.29,N
3795,Female,PD,BL,5.87,N
3823,Male,PD,V08,10.6,N
3824,Female,PD,V08,10.38,N
3825,Male,PD,V08,11.93,N
3826,Male,PD,V08,12.65,N
3830,Female,PD,V08,13.78,N
3832,Male,PD,V08,13.84,N
3834,Male,PD,V08,15.68,N
3835,Male,PD,V08,13.33,N
3838,Female,PD,V08,15.43,N
3851,Female,Control,V08,9.66,N
3852,Male,Control,V04,13.75,N
3853,Male,Control,V04,8.99,N
3854,Male,Control,V04,12.42,N
3854,Male,Control,V08,12.42,N
3854,Male,Control,V06,9.02,N
3855,Female,Control,V06,6.81,N
3855,Female,Control,V04,7.26,N
3856,Male,PD,V08,12.01,N
3856,Male,PD,V04,10.84,N
3856,Male,PD,V06,7.57,N
3857,Female,Control,V04,14.06,N
3859,Male,Control,V04,14.39,N
3863,Female,PD,V04,19.95,N
3863,Female,PD,BL,19.36,N
3866,Female,PD,BL,14.33,N
3867,Female,PD,BL,9.11,N
3900,Male,PD,V08,12.64,N
3900,Male,PD,BL,10.95,N
3900,Male,PD,V06,10.13,N
3900,Male,PD,V04,11.64,N
3901,Female,Control,V06,7.59,N
3901,Female,Control,V08,10.37,N
3901,Female,Control,V04,9.76,N
3901,Female,Control,BL,8.12,N
3903,Male,PD,BL,11.62,N
3903,Male,PD,V08,11.31,N
3903,Male,PD,V06,13.6,N
3904,Male,PD,BL,25.62,T369M
3905,Female,PD,V08,8.25,N
3905,Female,PD,V06,11.31,N
3905,Female,PD,BL,12.03,N
3907,Female,Control,BL,14.34,N
3907,Female,Control,V04,18.31,N
3907,Female,Control,V08,24.32,N
3907,Female,Control,V06,20.4,N
3908,Male,Control,V08,14.75,N
3908,Male,Control,BL,19.82,N
3908,Male,Control,V06,12.71,N
3910,Male,PD,BL,9.58,N
3910,Male,PD,V04,14.87,N
3910,Male,PD,V06,10.93,N
3910,Male,PD,V08,10.13,N
3911,Male,PD,V08,11.58,N
3911,Male,PD,BL,8.82,N
3911,Male,PD,V06,11.91,N
3914,Male,PD,V06,11.85,N
3914,Male,PD,V04,9.54,N
3914,Male,PD,BL,10.21,N
3916,Female,PD,BL,14.2,T369M
3916,Female,PD,V06,11.03,T369M
3917,Male,Control,BL,10.54,N
3950,Female,Control,BL,12.31,N
3950,Female,Control,V06,27.02,N
3951,Male,PD,V06,16.22,N
3951,Male,PD,BL,12.29,N
3951,Male,PD,V08,14.52,N
3952,Female,Control,V04,8.7,N
3952,Female,Control,V08,7.2,N
3952,Female,Control,V06,6.96,N
3952,Female,Control,BL,6.24,N
3953,Male,PD,BL,14.54,N
3954,Female,PD,V06,8.9,E326K
3954,Female,PD,V04,8.04,E326K
3954,Female,PD,V08,13.57,E326K
3954,Female,PD,BL,10.49,E326K
3955,Male,Control,V04,15.12,N
3955,Male,Control,V06,10.21,N
3955,Male,Control,V08,9.72,N
3955,Male,Control,BL,12.24,N
3957,Male,PD,V08,12.36,N
3957,Male,PD,BL,8.1,N
3957,Male,PD,V06,11.2,N
3957,Male,PD,V04,8.47,N
3958,Male,PD,BL,11.62,N
3959,Male,Control,V06,13.45,N
3959,Male,Control,V08,16.22,N
3959,Male,Control,BL,9.93,N
3959,Male,Control,V04,9.85,N
3960,Male,PD,BL,10.15,N
3960,Male,PD,V08,11.2,N
3960,Male,PD,V06,11.01,N
3961,Male,PD,V04,16.06,N
3961,Male,PD,V08,16.24,N
3961,Male,PD,V06,13.87,N
3961,Male,PD,BL,17.71,N
3962,Male,PD,BL,18.39,N
3963,Female,PD,BL,14.93,N
3963,Female,PD,V04,14.78,N
3963,Female,PD,V06,15.34,N
3964,Male,PD,BL,14.99,N
3965,Male,Control,V04,8.1,N
3965,Male,Control,BL,11.23,N
3965,Male,Control,V06,8.24,N
3966,Male,Control,V04,10.65,N
3966,Male,Control,V08,9.96,N
3966,Male,Control,V06,10.9,N
3966,Male,Control,BL,13.48,N
3967,Male,Control,V06,20.86,N
3967,Male,Control,V04,12.35,N
3967,Male,Control,BL,16.24,N
3968,Male,Control,V04,14.25,N
3968,Male,Control,V08,11.94,N
3968,Male,Control,V06,13.12,N
3969,Female,Control,V08,12.24,N
3969,Female,Control,V04,9.61,N
3969,Female,Control,V06,10.9,N
3970,Male,PD,V04,9.65,N
3970,Male,PD,BL,8.74,N
3970,Male,PD,V06,8.68,N
3970,Male,PD,V08,8.39,N
3972,Female,PD,BL,18.69,N
4001,Male,PD,V06,16.48,N
4001,Male,PD,V04,17.9,N
4001,Male,PD,BL,16.24,N
4004,Female,Control,BL,14.64,N
4005,Male,PD,BL,11.7,N
4006,Male,PD,BL,10.7,N
4009,Female,Control,BL,10.78,N
4010,Male,Control,V08,14.03,N
4010,Male,Control,V06,17.06,N
4010,Male,Control,BL,9.47,N
4010,Male,Control,V04,14.77,N
4011,Female,PD,V04,11.43,N
4011,Female,PD,V08,10.06,N
4011,Female,PD,V06,8.96,N
4011,Female,PD,BL,8.34,N
4012,Female,PD,BL,9.14,N
4012,Female,PD,V06,13.35,N
4013,Male,PD,V04,16.77,N
4013,Male,PD,BL,12.51,N
4018,Male,Control,BL,11.72,N
4018,Male,Control,V06,18.38,N
4018,Male,Control,V04,17.52,N
4018,Male,Control,V08,8.99,N
4019,Female,PD,V08,19.26,N
4019,Female,PD,BL,14.99,N
4019,Female,PD,V04,12.86,N
4019,Female,PD,V06,17.07,N
4020,Male,PD,BL,10.93,T369M
4020,Male,PD,V08,10.87,T369M
4020,Male,PD,V04,9.07,T369M
4021,Female,PD,BL,5.73,N
4022,Male,PD,V04,8.49,N
4022,Male,PD,V06,8.81,N
4022,Male,PD,BL,8.77,N
4022,Male,PD,V08,9.31,N
4024,Male,PD,BL,11.67,N
4024,Male,PD,V06,12.94,N
4024,Male,PD,V08,13.5,N
4024,Male,PD,V04,13.25,N
4025,Female,PD,BL,9.8,N
4026,Male,PD,BL,11.66,N
4027,Male,PD,V04,6.53,N
4027,Male,PD,BL,7.37,N
4027,Male,PD,V08,8.79,N
4027,Male,PD,V06,8.01,N
4029,Male,PD,V06,9.62,N
4029,Male,PD,V08,9.72,N
4029,Male,PD,BL,9.93,N
4030,Male,PD,V06,7.97,N
4030,Male,PD,V08,9.36,N
4030,Male,PD,BL,9.4,N
4030,Male,PD,V04,11.42,N
4032,Male,Control,V06,12.39,N
4032,Male,Control,V08,15.17,N
4032,Male,Control,BL,15.07,N
4032,Male,Control,V04,15.04,N
4033,Female,PD,V06,8.35,N
4033,Female,PD,V04,7.9,N
4033,Female,PD,V08,9.21,N
4033,Female,PD,BL,10.43,N
4034,Female,PD,V04,14.45,N
4034,Female,PD,V06,11.06,N
4034,Female,PD,V08,10.89,N
4034,Female,PD,BL,11.04,N
4035,Male,PD,BL,17.6,N
4035,Male,PD,V04,13.8,N
4035,Male,PD,V08,15.71,N
4035,Male,PD,V06,15.73,N
4037,Male,PD,V04,10.01,N
4037,Male,PD,V06,15.01,N
4037,Male,PD,BL,9.93,N
4037,Male,PD,V08,9.89,N
4038,Female,PD,BL,6.48,N
4038,Female,PD,V06,9.24,N
4038,Female,PD,V08,11.84,N
4038,Female,PD,V04,11.41,N
4051,Female,PD,BL,13.89,N
4051,Female,PD,V08,13.25,N
4051,Female,PD,V06,17.18,N
4052,Female,PD,V08,17.39,N
4052,Female,PD,V04,18.06,N
4052,Female,PD,V06,14,N
4052,Female,PD,BL,11.09,N
4054,Female,PD,V06,13.72,N
4054,Female,PD,BL,12.9,N
4054,Female,PD,V04,16.01,N
4055,Male,PD,V08,9.89,N
4055,Male,PD,V04,11.18,N
4055,Male,PD,BL,5.86,N
4055,Male,PD,V06,9.22,N
4056,Male,PD,BL,10.73,N
4056,Male,PD,V04,10.91,N
4056,Male,PD,V08,12.86,N
4056,Male,PD,V06,11.94,N
4057,Male,PD,BL,9.92,N
4057,Male,PD,V04,10.42,N
4057,Male,PD,V06,15.98,N
4057,Male,PD,V08,10.26,N
4058,Male,PD,V04,8.33,N
4058,Male,PD,V06,9.96,N
4058,Male,PD,BL,8.65,N
4058,Male,PD,V08,13.66,N
4059,Female,PD,V06,18.16,N
4059,Female,PD,BL,13.48,N
4059,Female,PD,V08,18.57,N
4059,Female,PD,V04,10.84,N
4065,Female,PD,BL,14.52,N
4067,Male,Control,BL,9.52,N
4067,Male,Control,V06,11.24,N
4067,Male,Control,V08,12.12,N
4067,Male,Control,V04,7.95,N
4070,Female,PD,BL,11.29,N
4070,Female,PD,V04,11.9,N
4070,Female,PD,V08,10.45,N
4070,Female,PD,V06,11.47,N
4071,Male,PD,V08,12.08,N
4071,Male,PD,V04,11.06,N
4072,Female,PD,V08,9.52,E326K
4072,Female,PD,V04,11.24,E326K
4072,Female,PD,BL,10.63,E326K
4072,Female,PD,V06,9.05,E326K
4073,Female,PD,BL,13.65,N
4073,Female,PD,V04,12.62,N
4074,Male,PD,V04,10.5,N
4074,Male,PD,BL,12.98,N
4074,Male,PD,V06,15.05,N
4075,Female,PD,BL,9.47,T369M
4076,Male,PD,V04,13.28,N
4076,Male,PD,BL,5.71,N
4076,Male,PD,V06,11.85,N
4076,Male,PD,V08,11.19,N
4077,Male,PD,V04,16.04,N
4077,Male,PD,BL,10.84,N
4077,Male,PD,V08,12.11,N
4077,Male,PD,V06,12.01,N
4078,Male,PD,BL,17.45,N
4079,Male,Control,BL,12.46,N
4080,Male,PD,BL,11.08,
4081,Male,PD,V04,15.88,N
4081,Male,PD,BL,13.88,N
4081,Male,PD,V08,16.42,N
4082,Male,PD,V08,11.47,N
4082,Male,PD,V04,13.21,N
4082,Male,PD,BL,9.49,N
4082,Male,PD,V06,13.12,N
4083,Male,PD,V08,9.6,N
4083,Male,PD,V06,10.63,N
4083,Male,PD,V04,7.22,N
4083,Male,PD,BL,7.32,N
4085,Male,Control,V06,8.88,N
4085,Male,Control,V04,13.62,N
4085,Male,Control,BL,11.9,N
4090,Male,Control,V08,9.63,N
4090,Male,Control,BL,11.37,N
4090,Male,Control,V06,9.96,N
4091,Female,PD,V06,11.04,N
4091,Female,PD,V08,14.93,N
4091,Female,PD,V04,12.33,N
4091,Female,PD,BL,9.67,N
4092,Female,PD,V06,11.66,N
4092,Female,PD,BL,12.41,N
4092,Female,PD,V04,9.49,N
4093,Female,PD,V08,14.78,N
4093,Female,PD,V06,11.88,N
4093,Female,PD,V04,10.34,N
4093,Female,PD,BL,10.75,N
4094,Female,PD,V06,12.35,N
4094,Female,PD,BL,17.17,N
4094,Female,PD,V08,19.56,N
4096,Female,PD,BL,12.66,N
4098,Male,PD,V06,8.25,N370S
4098,Male,PD,V04,7.51,N370S
4098,Male,PD,V08,8.15,N370S
4098,Male,PD,BL,8.21,N370S
4099,Female,PD,V06,9.6,N
4099,Female,PD,V04,10.58,N
4099,Female,PD,V08,11.85,N
4099,Female,PD,BL,9.74,N
4100,Male,Control,V06,9.93,N
4100,Male,Control,V04,10.89,N
4100,Male,Control,BL,10.5,N
4101,Female,PD,V08,11.82,N
4101,Female,PD,BL,13.74,N
4101,Female,PD,V06,11.96,N
4102,Male,PD,V04,12.82,N
4102,Male,PD,BL,12.16,N
4102,Male,PD,V06,9.77,N
4103,Male,PD,BL,13.94,N
4103,Male,PD,V06,21.96,N
4103,Male,PD,V04,16.68,N
4103,Male,PD,V08,14.96,N
4104,Male,Control,V08,9.63,N
4104,Male,Control,V04,12.29,N
4104,Male,Control,V06,13.89,N
4105,Male,Control,V04,11.53,N
4105,Male,Control,V08,8.96,N
4106,Male,PD,V06,8.23,N
4106,Male,PD,V04,7.57,N
4106,Male,PD,V08,9.82,N
4106,Male,PD,BL,10.4,N
4108,Male,PD,V08,15.64,N
4108,Male,PD,V04,18.98,N
4108,Male,PD,V06,12.69,N
4109,Male,PD,V08,13.98,N
4109,Male,PD,V06,16.54,N
4109,Male,PD,BL,8.31,N
4109,Male,PD,V04,13.98,N
4110,Male,PD,V06,8.91,N
4110,Male,PD,V04,9.73,N
4110,Male,PD,V08,12.58,N
4111,Male,PD,V04,10.1,N
4111,Male,PD,V06,12.76,N
4111,Male,PD,V08,12.94,N
4112,Male,PD,V04,12.01,N
4112,Male,PD,BL,10.25,N
4112,Male,PD,V06,11.19,N
4112,Male,PD,V08,11.99,N
4113,Female,PD,V04,9.3,N
4113,Female,PD,V06,9.16,N
4113,Female,PD,V08,13.02,N
4113,Female,PD,BL,10.61,N
4114,Male,PD,BL,11.34,N
4114,Male,PD,V04,8.15,N
4114,Male,PD,V06,12.05,N
4115,Male,PD,V06,7.56,N
4115,Male,PD,BL,9.97,N
4115,Male,PD,V04,10.73,N
4115,Male,PD,V08,4.08,N
4116,Male,Control,V04,7.52,N
4116,Male,Control,V08,11.62,N
4116,Male,Control,V06,12.49,N
4117,Female,PD,V08,12.18,N
4117,Female,PD,V06,14.7,N
4117,Female,PD,V04,10.49,N
4117,Female,PD,BL,13.43,N
4118,Female,Control,BL,11.8,N
4121,Female,PD,V04,7.71,N
4121,Female,PD,V06,8.66,N
4121,Female,PD,BL,9.3,N
4121,Female,PD,V08,9.68,N
4122,Male,PD,BL,14,N
4122,Male,PD,V06,16.93,N
4123,Female,PD,BL,5.91,E326K
4123,Female,PD,V06,7.69,E326K
4123,Female,PD,V04,9.11,E326K
4124,Male,PD,V08,16.81,N
4124,Male,PD,V04,13.62,N
4124,Male,PD,V06,15.54,N
4124,Male,PD,BL,21.11,N
4125,Male,PD,BL,13.21,N
4125,Male,PD,V06,16.4,N
4126,Male,PD,BL,13.33,N
4126,Male,PD,V08,12.9,N
4126,Male,PD,V06,14.64,N
4135,Male,PD,V06,17.12,N
4135,Male,PD,BL,11.35,N
4135,Male,PD,V08,17.43,N
4135,Male,PD,V04,11.92,N
4136,Male,PD,BL,10.22,N
4136,Male,PD,V04,8.81,N
4136,Male,PD,V06,9.52,N
4139,Male,Control,BL,12.44,N
